﻿<?xml version="1.0" encoding="utf-8"?>
<Feature xmlns="http://schemas.microsoft.com/sharepoint/" Title="iAccessBranding" AlwaysForceInstall="TRUE" Id="2ae6a571-0490-4fde-8ecb-629cae2b2db1" Scope="Site">
  <ElementManifests>
    <ElementManifest Location="Font\Elements.xml" />
    <ElementFile Location="Font\glyphicons-halflings-regular.svg" />
    <ElementFile Location="Font\glyphicons-halflings-regular.ttf" />
    <ElementFile Location="Font\glyphicons-halflings-regular.woff" />
    <ElementFile Location="Font\glyphicons-halflings-regular.woff2" />
    <ElementFile Location="Font\gotham-book.eot" />
    <ElementFile Location="Font\Gotham-Book.otf" />
    <ElementFile Location="Font\gotham-book.svg" />
    <ElementFile Location="Font\gotham-book.woff" />
    <ElementFile Location="Font\GothamNarrow-Bold.otf" />
    <ElementFile Location="Font\vjs.eot" />
    <ElementFile Location="Font\vjs.svg" />
    <ElementFile Location="Font\vjs.ttf" />
    <ElementManifest Location="Images\Elements.xml" />
    <ElementFile Location="Images\AVD_help.jpg" />
    <ElementFile Location="Images\avd_logo.png" />
    <ElementFile Location="Images\avd_plus.jpg" />
    <ElementFile Location="Images\breadcrumb_arrow.png" />
    <ElementFile Location="Images\dropkpi.gif" />
    <ElementFile Location="Images\dr-reddy-logo.png" />
    <ElementFile Location="Images\header_bg.jpg" />
    <ElementFile Location="Images\heading_bullet.jpg" />
    <ElementFile Location="Images\icon_calendar.jpg" />
    <ElementFile Location="Images\icon_home.jpg" />
    <ElementFile Location="Images\icon_home.png" />
    <ElementFile Location="Images\icon_taskitem_details.jpg" />
    <ElementFile Location="Images\icon_tasklist.jpg" />
    <ElementFile Location="Images\menu-down.gif" />
    <ElementFile Location="Images\menu-down.png" />
    <ElementFile Location="Images\Offboarding.png" />
    <ElementFile Location="Images\Picture1.png" />
    <ElementFile Location="Images\plus.jpg" />
    <ElementFile Location="Images\Search_Arrow.jpg" />
    <ElementFile Location="Images\Search_Arrow_RTL.jpg" />
    <ElementFile Location="Images\settingsIcon.png" />
    <ElementFile Location="Images\spintl.png" />
    <ElementFile Location="Images\spcommon.png" />
    <ElementFile Location="Images\TillidLogo.png" />
    <ElementFile Location="Images\text.png" />
    <ElementManifest Location="PageLayouts\Elements.xml" />
    <ElementFile Location="PageLayouts\iAccess.master" />
    <ElementManifest Location="Scripts\Elements.xml" />
    <ElementFile Location="Scripts\bootstrap.min.js" />
    <ElementFile Location="Scripts\intro.js" />
    <ElementFile Location="Scripts\jquery.stackedrows.js" />
    <ElementFile Location="Scripts\jquery-1.12.1.js" />
    <ElementFile Location="Scripts\support.js" />
    <ElementFile Location="Scripts\iAccessBranding.js" />
    <ElementFile Location="Scripts\jquery.js" />
    <ElementFile Location="Scripts\menu-top.js" />
    <ElementFile Location="Scripts\bootstrap-select.js" />
    <ElementManifest Location="StyleSheets\Elements.xml" />
    <ElementFile Location="StyleSheets\animate.min.css" />
    <ElementFile Location="StyleSheets\bootstrap.css" />
    <ElementFile Location="StyleSheets\bootstrap.min.css" />
    <ElementFile Location="StyleSheets\bootstrap-select.css" />
    <ElementFile Location="StyleSheets\CustomStyle.css" />
    <ElementFile Location="StyleSheets\fonts.css" />
    <ElementFile Location="StyleSheets\helper.css" />
    <ElementFile Location="StyleSheets\introjs.css" />
    <ElementFile Location="StyleSheets\jquery.stackedrows.css" />
    <ElementFile Location="StyleSheets\menu_top.css" />
    <ElementFile Location="StyleSheets\sp-custom.css" />
    <ElementFile Location="StyleSheets\Style.css" />
    <ElementFile Location="StyleSheets\package\mdl\material.css" />
    <ElementFile Location="StyleSheets\package\mdl\material.js" />
    <ElementFile Location="StyleSheets\package\mdl\material.min.css" />
    <ElementFile Location="StyleSheets\package\mdl\material.min.css.map" />
    <ElementFile Location="StyleSheets\package\mdl\material.min.js" />
    <ElementFile Location="StyleSheets\package\mdl\material.min.js.map" />
    <ElementFile Location="StyleSheets\table.css" />
    <ElementFile Location="StyleSheets\iAccessBranding.css" />
  </ElementManifests>
</Feature>
