﻿<?xml version="1.0" encoding="utf-8"?>
<Feature xmlns="http://schemas.microsoft.com/sharepoint/" Title="iAccess" Id="4ff302d4-e208-49af-9bcd-00bc4d7397ec" Scope="Web">
  <ElementManifests>
    <ElementManifest Location="Contents\Elements.xml" />
    <ElementFile Location="Contents\UpdateTask.html" />
    <ElementFile Location="Contents\PendingActions.html" />
    <ElementFile Location="Contents\ViewApplication.html" />
    <ElementFile Location="Contents\Search.html" />
    <ElementFile Location="Contents\ViewActivity.html" />
    <ElementFile Location="Contents\EditApplication.html" />
    <ElementFile Location="Contents\NewRequest.html" />
    <ElementManifest Location="Font\Elements.xml" />
    <ElementFile Location="Font\glyphicons-halflings-regular.eot" />
    <ElementFile Location="Font\glyphicons-halflings-regular.svg" />
    <ElementFile Location="Font\glyphicons-halflings-regular.ttf" />
    <ElementFile Location="Font\glyphicons-halflings-regular.woff" />
    <ElementFile Location="Font\glyphicons-halflings-regular.woff2" />
    <ElementManifest Location="Images\Elements.xml" />
    <ElementFile Location="Images\TillidLogo.png" />
    <ElementFile Location="Images\ajax-loader.gif" />
    <ElementFile Location="Images\spcommon.png" />
    <ElementFile Location="Images\spintl.png" />
    <ElementManifest Location="StyleSheets\Elements.xml" />
    <ElementFile Location="StyleSheets\dataTables.bootstrap.min.css" />
    <ElementFile Location="StyleSheets\date-picker.css" />
    <ElementFile Location="StyleSheets\helper.css" />
    <ElementFile Location="StyleSheets\jquery.stackedrows.css" />
    <ElementFile Location="StyleSheets\style.css" />
    <ElementFile Location="StyleSheets\table.css" />
    <ElementFile Location="StyleSheets\bootstrap.css" />
    <ElementFile Location="StyleSheets\bootstrap.min.css" />
    <ElementFile Location="StyleSheets\bootstrap-datepicker3.css" />
    <ElementFile Location="StyleSheets\components-md.css" />
    <ElementFile Location="StyleSheets\font\font.css" />
    <ElementFile Location="StyleSheets\font\glyphicons-halflings-regular.eot" />
    <ElementFile Location="StyleSheets\font\glyphicons-halflings-regular.svg" />
    <ElementFile Location="StyleSheets\font\glyphicons-halflings-regular.ttf" />
    <ElementFile Location="StyleSheets\font\glyphicons-halflings-regular.woff" />
    <ElementFile Location="StyleSheets\font\glyphicons-halflings-regular.woff2" />
    <ElementFile Location="StyleSheets\font\gotham-book.eot" />
    <ElementFile Location="StyleSheets\font\Gotham-Book.otf" />
    <ElementFile Location="StyleSheets\font\gotham-book.svg" />
    <ElementFile Location="StyleSheets\font\gotham-book.ttf" />
    <ElementFile Location="StyleSheets\font\gotham-book.woff" />
    <ElementFile Location="StyleSheets\font\gothamnarrow-bold.eot" />
    <ElementFile Location="StyleSheets\font\GothamNarrow-Bold.otf" />
    <ElementFile Location="StyleSheets\font\gothamnarrow-bold.svg" />
    <ElementFile Location="StyleSheets\font\gothamnarrow-bold.ttf" />
    <ElementFile Location="StyleSheets\font\gothamnarrow-bold.woff" />
    <ElementFile Location="StyleSheets\font\gothamnarrow-medium.eot" />
    <ElementFile Location="StyleSheets\font\GothamNarrow-Medium.otf" />
    <ElementFile Location="StyleSheets\font\gothamnarrow-medium.svg" />
    <ElementFile Location="StyleSheets\font\gothamnarrow-medium.ttf" />
    <ElementFile Location="StyleSheets\font\gothamnarrow-medium.woff" />
    <ElementFile Location="StyleSheets\font\gothamnarrow-xlight.eot" />
    <ElementFile Location="StyleSheets\font\GothamNarrow-XLight.otf" />
    <ElementFile Location="StyleSheets\font\gothamnarrow-xlight.svg" />
    <ElementFile Location="StyleSheets\font\gothamnarrow-xlight.ttf" />
    <ElementFile Location="StyleSheets\font\gothamnarrow-xlight.woff" />
    <ElementFile Location="StyleSheets\font\vjs.eot" />
    <ElementFile Location="StyleSheets\font\vjs.svg" />
    <ElementFile Location="StyleSheets\font\vjs.ttf" />
    <ElementFile Location="StyleSheets\font\vjs.woff" />
    <ElementFile Location="StyleSheets\CheckBox.css" />
    <ElementFile Location="StyleSheets\Dashboard.css" />
    <ElementFile Location="StyleSheets\jquery.simplyscroll.css" />
    <ElementFile Location="StyleSheets\docUpload.css" />
    <ElementFile Location="StyleSheets\Search.css" />
    <ElementFile Location="StyleSheets\datatables.min.css" />
    <ElementFile Location="StyleSheets\uploadifive.css" />
    <ElementFile Location="StyleSheets\uploadifive-cancel.png" />
    <ElementFile Location="StyleSheets\font-awesome\css\font-awesome.css" />
    <ElementFile Location="StyleSheets\font-awesome\css\font-awesome.min.css" />
    <ElementFile Location="StyleSheets\font-awesome\fonts\fontawesome-webfont.eot" />
    <ElementFile Location="StyleSheets\font-awesome\fonts\fontawesome-webfont.svg" />
    <ElementFile Location="StyleSheets\font-awesome\fonts\fontawesome-webfont.ttf" />
    <ElementFile Location="StyleSheets\font-awesome\fonts\fontawesome-webfont.woff" />
    <ElementFile Location="StyleSheets\font-awesome\fonts\fontawesome-webfont.woff2" />
    <ElementFile Location="StyleSheets\font-awesome\fonts\FontAwesome.otf" />
    <ElementFile Location="StyleSheets\package\mdl\material.css" />
    <ElementFile Location="StyleSheets\package\mdl\material.js" />
    <ElementFile Location="StyleSheets\package\mdl\material.min.css" />
    <ElementFile Location="StyleSheets\package\mdl\material.min.css.map" />
    <ElementFile Location="StyleSheets\package\mdl\material.min.js" />
    <ElementFile Location="StyleSheets\package\mdl\material.min.js.map" />
    <ElementFile Location="StyleSheets\package\mldicons\codepoints" />
    <ElementFile Location="StyleSheets\package\mldicons\materialicons.css" />
    <ElementFile Location="StyleSheets\package\mldicons\MaterialIconsRegular.eot" />
    <ElementFile Location="StyleSheets\package\mldicons\MaterialIconsRegular.ijmap" />
    <ElementFile Location="StyleSheets\package\mldicons\MaterialIconsRegular.svg" />
    <ElementFile Location="StyleSheets\package\mldicons\MaterialIconsRegular.ttf" />
    <ElementFile Location="StyleSheets\package\mldicons\MaterialIconsRegular.woff" />
    <ElementFile Location="StyleSheets\package\mldicons\MaterialIconsRegular.woff2" />
    <ElementFile Location="StyleSheets\approvals.css" />
    <ElementFile Location="StyleSheets\PastClearances.css" />
    <ElementFile Location="StyleSheets\SPGridStyles.css" />
    <ElementFile Location="StyleSheets\ViewRequest.css" />
    <ElementManifest Location="Scripts\Elements.xml" />
    <ElementFile Location="Scripts\common.js" />
    <ElementFile Location="Scripts\camljs.js" />
    <ElementFile Location="Scripts\buttons.print.min.js" />
    <ElementFile Location="Scripts\buttons.html5.min.js" />
    <ElementFile Location="Scripts\buttons.colVis.min.js" />
    <ElementFile Location="Scripts\buttons.bootstrap.min.js" />
    <ElementFile Location="Scripts\bootstrap-datetimepicker.js" />
    <ElementFile Location="Scripts\bootstrap-datepicker.min.js" />
    <ElementFile Location="Scripts\Attachments.js" />
    <ElementFile Location="Scripts\moment-with-locales.js" />
    <ElementFile Location="Scripts\legacy.js" />
    <ElementFile Location="Scripts\jszip.min.js" />
    <ElementFile Location="Scripts\jquery.uploadifive.js" />
    <ElementFile Location="Scripts\jquery.SPServices-0.7.2.js" />
    <ElementFile Location="Scripts\jquery.simplyscroll.min.js" />
    <ElementFile Location="Scripts\jquery.dataTables.min.js" />
    <ElementFile Location="Scripts\jquery.1.7.0.js" />
    <ElementFile Location="Scripts\jquery-3.1.1.min.js" />
    <ElementFile Location="Scripts\jquery-3.1.1.js" />
    <ElementFile Location="Scripts\handlebars-v4.0.5.js" />
    <ElementFile Location="Scripts\Global.js" />
    <ElementFile Location="Scripts\editor.js" />
    <ElementFile Location="Scripts\DocumentLibraryUtilities.js" />
    <ElementFile Location="Scripts\datatables.min.js" />
    <ElementFile Location="Scripts\dataTables.fixedHeader.min.js" />
    <ElementFile Location="Scripts\dataTables.buttons.min.js" />
    <ElementFile Location="Scripts\dataTables.bootstrap.min.js" />
    <ElementFile Location="Scripts\vfs_fonts.js" />
    <ElementFile Location="Scripts\toastr.min.js" />
    <ElementFile Location="Scripts\toastr.js.map" />
    <ElementFile Location="Scripts\spscript.js.map" />
    <ElementFile Location="Scripts\spscript.js" />
    <ElementFile Location="Scripts\sppeoplepicker.js" />
    <ElementFile Location="Scripts\restDao.js.map" />
    <ElementFile Location="Scripts\picker.js" />
    <ElementFile Location="Scripts\picker.date.js" />
    <ElementFile Location="Scripts\PendingActions.js" />
    <ElementFile Location="Scripts\pdfmake.min.js" />
    <ElementFile Location="Scripts\NewRequest.js" />
  </ElementManifests>
</Feature>